{"train_acc": 32.41847826086956, "_step": 19, "test_acc": 23.863636363636363, "_timestamp": 1581646224.9140847, "_runtime": 1319.053601026535, "epoch": 19}
