{"_runtime": 1625.291484594345, "_timestamp": 1581648075.7071342, "_step": 19, "test_acc": 25.704545454545453, "epoch": 19, "train_acc": 28.962267925736235}
