{"_step": 19, "_runtime": 1640.981303691864, "epoch": 19, "test_acc": 10.0, "_timestamp": 1581580972.0806193, "train_acc": 9.961187580025609}
