{"epoch": 19, "train_acc": 27.84791133162612, "_step": 19, "_timestamp": 1581664838.7076423, "_runtime": 1078.255455493927, "test_acc": 24.295454545454547}
