{"epoch": 19, "train_acc": 9.859154929577464, "_runtime": 1735.6937146186829, "test_acc": 10.0, "_step": 19, "_timestamp": 1581554833.044068}
