{"_step": 19, "train_acc": 27.55581786171575, "_timestamp": 1581657641.2615483, "epoch": 19, "test_acc": 24.409090909090907, "_runtime": 1130.0989360809326}
