{"_timestamp": 1581551184.0476778, "_step": 19, "_runtime": 1760.6239969730377, "epoch": 19, "train_acc": 9.84014884763124, "test_acc": 10.0}
