{"train_acc": 27.201704545454547, "epoch": 19, "_timestamp": 1581656479.9484146, "_runtime": 1672.5626826286316, "test_acc": 24.795454545454547, "_step": 19}
