{"_timestamp": 1581573736.122099, "test_acc": 10.0, "train_acc": 9.921174775928296, "epoch": 19, "_runtime": 1623.0566501617432, "_step": 19}
